site,jobdiva,jobdiva_url,other_ats,pages_checked
nttdata.com,False,,Workday,5
softtek.com,False,,,7
aditiconsulting.com,True,https://www.aditiconsulting.com/careers,,3
luxoft.com,False,,,4
lhpes.com,False,,,3
eplus.com,False,,Greenhouse,3
solugenix.com,False,,Ceipal,9
ccpace.com,True,https://www.mitchellmartin.com/careers/,,3
genesis10.com,True,https://www.genesis10.com/consultant-careers,,3
intelliswift.com,True,https://www.intelliswift.com/,,2
dev-10.com,False,,Workday,4
agwtalent.com,True,https://www.agwtalent.com/,,2
talentburst.com,True,https://www.talentburst.com/,,2
rcmt.com,False,,Bullhorn,5
lertechforce.com,False,,,4
greeley.com,True,https://www.greeley.com/jumpstart-your-career,,2
damcogroup.com,False,,,3
brick.work,True,https://www.brick.work/about-us/careers?hsLang=en,,2
lancesoft.com,False,,,14
rgbsi.com,True,https://www.rgbsi.com/,,2
nescoresource.com,True,https://www.nescoresource.com/,,2
infinite.com,False,,,14
experis.com,False,,Taleo,5
acrocorp.com,False,,,4
speridian.com,False,,,3
rapscorp.com,False,,,3
4cornerresources.com,True,https://www.4cornerresources.com/jobs/,,4
artech.com,False,,,7
jobdiva.com,True,https://www.jobdiva.com/,,2
sterlingsolutions.com,False,,ADP,4
freyrsolutions.com,False,,,15
dsainc.com,False,,Greenhouse,5
chartis.com,False,,,4
kellton.com,False,,,4
improving.com,False,,,4
lce.com,False,,,7
ionidea.com,False,,,2
apar.com,False,,,6
fev.com,False,,,9
igiusa.com,False,,,1
vlinkinfo.com,False,,,1
acsicorp.com,False,,,16
adventglobal.com,False,,,2
v2soft.com,True,https://www.v2soft.com/careers/job-openings,,3
artechinfo.in,False,,,4
ncstech.com,False,,,1
gotoagile.com,False,,,8
pixazo.ai,False,,,1
aurastaff.com,True,https://aurastaff.com/jobs-listing/,,3
go2dynamic.com,False,,"Avionte,Workday",5
