site,ats,evidence
nttdata.com,Workday,
softtek.com,—,
aditiconsulting.com,JobDiva,https://www.aditiconsulting.com/careers
luxoft.com,—,
lhpes.com,—,
eplus.com,Greenhouse,
solugenix.com,Ceipal,
ccpace.com,JobDiva,https://www.mitchellmartin.com/careers/
genesis10.com,JobDiva,https://www.genesis10.com/consultant-careers
intelliswift.com,JobDiva,https://www.intelliswift.com/
dev-10.com,Workday,
agwtalent.com,JobDiva,https://www.agwtalent.com/
talentburst.com,JobDiva,https://www.talentburst.com/
rcmt.com,Bullhorn,
lertechforce.com,—,
greeley.com,JobDiva,https://www.greeley.com/jumpstart-your-career
damcogroup.com,UKG,
brick.work,JobDiva,https://www.brick.work/about-us/careers?hsLang=en
lancesoft.com,JobDiva,
rgbsi.com,JobDiva,https://www.rgbsi.com/
nescoresource.com,JobDiva,https://www.nescoresource.com/
infinite.com,JazzHR,
experis.com,Taleo,
acrocorp.com,—,
speridian.com,—,
rapscorp.com,—,
4cornerresources.com,JobDiva,https://www.4cornerresources.com/jobs/
artech.com,Oracle,
jobdiva.com,JobDiva,https://www.jobdiva.com/
sterlingsolutions.com,ADP,
freyrsolutions.com,—,
dsainc.com,Greenhouse,
chartis.com,Ashby,
kellton.com,—,
improving.com,—,
lce.com,JobDiva,
ionidea.com,—,
apar.com,—,
fev.com,Workday,
igiusa.com,JobDiva,
vlinkinfo.com,JobDiva,
acsicorp.com,Bullhorn,
adventglobal.com,—,
v2soft.com,JobDiva,https://www.v2soft.com/careers/job-openings
artechinfo.in,Oracle,
ncstech.com,Bullhorn,
gotoagile.com,Bullhorn,
pixazo.ai,—,
aurastaff.com,JobDiva,https://aurastaff.com/jobs-listing/
go2dynamic.com,"Avionte,Workday",
